{
    "Execution_date-388": {
        "@class": "org.knime.js.base.node.configuration.input.date.DateDialogNodeRepresentation",
        "label": "Execution Dime :",
        "description": "",
        "required": true,
        "defaultValue": {
            "@class": "org.knime.js.base.node.configuration.input.date.DateDialogNodeValue",
            "datestring": "2023-08-06T14:36:54+02:00[Europe/Berlin]"
        },
        "currentValue": {
            "@class": "org.knime.js.base.node.configuration.input.date.DateDialogNodeValue",
            "datestring": "2023-08-06T14:36:54+02:00[Europe/Berlin]"
        },
        "shownowbutton": true,
        "granularity": "show_minutes",
        "usemin": false,
        "usemax": false,
        "useminexectime": false,
        "usemaxexectime": false,
        "usedefaultexectime": true,
        "min": "2023-08-06T14:36:54+02:00[Europe/Berlin]",
        "max": "2023-08-06T14:36:54+02:00[Europe/Berlin]",
        "type": "LDT"
    }
}