<?xml version="1.0" encoding="UTF-8"?>
<config xmlns="http://www.knime.org/2008/09/XMLConfig" xmlns:xsi="http://www.w3.org/2001/XMLSchema-instance" xsi:schemaLocation="http://www.knime.org/2008/09/XMLConfig http://www.knime.org/XMLConfig_2008_09.xsd" key="db_session">
    <config key="Session Info">
        <entry key="version" type="xint" value="5"/>
        <entry key="sessionID" type="xstring" value="f48365d5-79e8-4b75-b459-fed1d57d0043"/>
        <entry key="dbTypeId" type="xstring" value="h2"/>
        <entry key="dialectId" type="xstring" value="h2"/>
        <entry key="dbURL" type="xstring" value="jdbc:h2:C:\Users\TQ-Knime\knime-workspace\Exercises\L2-DA Data Analytics with KNIME Analytics Platform - Advanced\data\database"/>
    </config>
    <config key="Driver Definition">
        <entry key="driverId" type="xstring" value="H2"/>
        <entry key="driverName" type="xstring" value="H2"/>
        <entry key="driverVersion" type="xstring" value="1.4.0"/>
        <entry key="driverClass" type="xstring" value="org.h2.Driver"/>
        <entry key="driverDescription" type="xstring" value=""/>
        <entry key="driverOrigin" type="xstring" value="EXTENSION"/>
    </config>
    <config key="Attributes"/>
</config>
