<?xml version="1.0" encoding="UTF-8"?>
<config xmlns="http://www.knime.org/2008/09/XMLConfig" xmlns:xsi="http://www.w3.org/2001/XMLSchema-instance" xsi:schemaLocation="http://www.knime.org/2008/09/XMLConfig http://www.knime.org/XMLConfig_2008_09.xsd" key="db_session">
    <config key="Session Info">
        <entry key="version" type="xint" value="5"/>
        <entry key="sessionID" type="xstring" value="39f4edeb-b592-4164-9845-7e523f4b5bac"/>
        <entry key="dbTypeId" type="xstring" value="sqlite"/>
        <entry key="dialectId" type="xstring" value="sqlite"/>
        <entry key="dbURL" type="xstring" value="jdbc:sqlite:C:\Users\TQ-Knime\knime-workspace\Exercises\L2-DA Data Analytics with KNIME Analytics Platform - Advanced\data\Sales.sqlite"/>
    </config>
    <config key="Driver Definition">
        <entry key="driverId" type="xstring" value="SQLite"/>
        <entry key="driverName" type="xstring" value="SQLite"/>
        <entry key="driverVersion" type="xstring" value="3.23.0"/>
        <entry key="driverClass" type="xstring" value="org.sqlite.JDBC"/>
        <entry key="driverDescription" type="xstring" value=""/>
        <entry key="driverOrigin" type="xstring" value="EXTENSION"/>
    </config>
    <config key="Attributes">
        <config key="java.lang.Boolean">
            <entry key="knime.db.connection.restore" type="xboolean" value="true"/>
            <entry key="knime.db.agent.writer.fail_on_missing_in_where_clause" type="xboolean" value="false"/>
        </config>
    </config>
</config>
